"phi";"psi"
-72.8699;-16.6549
165.144;-179.414
-114.435;131.182
-114.52;126.79
-108.071;111.764
-98.0448;126.663
-108.929;133.882
-87.0395;77.0531
-55.3391;-50.702
-40.7702;-56.623
-82.7612;-34.9218
-63.9529;-36.8637
-60.6011;-52.8654
-56.531;-52.6716
-48.6962;-60.6157
-55.6698;-34.0258
-55.1612;-33.3909
-100.094;12.8742
-115.694;143.397
57.9014;17.4094
-17.3194;-35.6153
-81.2454;-27.4009
-43.6291;127.662
-158.858;159.325
-78.6946;136.171
-58.0085;82.1987
177.248;-3.26111
112.068;-119.873
31.3651;91.7363
-63.6564;151.424
-148.24;11.9677
-64.2549;-34.1479
-69.6349;-49.8032
-56.4724;-51.9722
-55.3204;-69.4475
-39.7854;-47.2207
-61.9623;-45.871
-60.514;-51.3822
-51.1431;-53.1405
-68.3837;-32.4156
-61.2318;-49.1406
-53.3573;-56.0766
-42.9203;-54.8686
-58.3132;-40.6399
-73.6826;-22.2133
-69.3273;-44.1112
-68.5355;-30.4694
65.2936;175.099
-170.559;167.787
-81.6097;-58.2466
-103.893;147.506
-133.818;123.354
-125.781;109.534
-92.6736;110.626
-91.9108;126.101
-113.226;167.249
-89.2624;140.037
-124.078;80.9055
155.48;-88.72
-100.091;-85.8382
-85.9406;24.328
-83.4517;170.87
-55.5185;142.546
-58.5249;-49.7148
-89.2588;-17.0474
-43.9786;-49.5679
-55.4278;-36.4622
-60.2734;-52.1189
-67.8467;-32.4269
-62.2058;-40.6403
-62.9969;-37.0294
-66.1034;-40.7984
-52.4013;-55.1565
-62.086;-46.6662
-53.6157;-53.9746
-53.853;-51.7382
-49.5856;-47.0621
-65.8194;-43.813
-59.0657;-30.5537
-83.8629;-1.3413
82.8574;7.37887
-83.0931;158.104
-86.6975;144.807
-110.49;132.094
-142.384;120.507
-141.999;111.121
-90.0579;127.647
-68.0448;126.278
87.5158;19.5093
-135.312;137.648
-75.3867;144.447
-54.2807;-34.5822
-73.9595;-30.5376
-71.1061;-46.3346
-56.3422;-52.7056
-50.3936;-56.2147
-49.2532;-45.1084
-66.1086;-52.2993
-52.2425;-45.0934
-55.3344;-61.1851
-55.6017;-49.6199
-56.1665;-46.9614
-62.0119;-50.478
-52.2387;-47.7059
-58.5844;-46.3904
-69.8336;19.158
74.1742;19.4938
-99.4514;169.081
-109.93;129.505
-117.119;138.12
-128.791;118.646
-99.5508;112.773
-81.1496;107.871
-166.135;177.917
-132.145;-22.0194
-68.1891;116.615
-52.5043;-24.1185
-46.802;-51.5126
-54.2645;-8.82742
-65.6871;-15.9158
-73.9498;-26.6636
-77.3008;-44.1656
-22.6163;126.778
-161.089;-167.626
-77.0294;153.137
72.2706;-45.421
-99.8313;108.056
-123.886;162.342
-110.54;149.209
-118.379;117.139
-88.627;145.544
-56.0981;-59.8139
-42.6451;-46.7271
162.716;-151.495
44.7998;136.593
-91.4847;131.746
-99.7072;124.42
-132.922;171.516
-63.1896;-32.5837
-65.8158;-48.3995
-48.4434;-57.038
-51.0832;-55.61
-61.072;-42.2896
-73.4723;-32.0618
-96.4813;-36.9796
-109.236;-28.5086
88.0889;23.1759
-125.031;-175.228
-135.047;146.931
-46.8655;-42.3724
-55.781;-20.0471
-127.936;27.5003
-92.5696;-38.585
-58.0805;-33.346
-72.0662;-56.4411
-42.8535;-55.5497
-66.7896;-28.0376
-50.9078;-51.2671
-92.7249;53.3029
-146.251;-115.25
166.001;-38.6634
54.0435;-109.709
-133.971;134.374
53.8759;-4.82353
-86.5961;69.9067
-41.1108;128.511
-170.038;73.0416
-84.4375;118.799
112.419;101.565
-123.906;-23.6577
71.584;-106.536
174.517;-80.3438
67.212;105.953
59.7455;33.092
55.6336;12.0433
-75.5105;-5.66026
50.7231;-90.6586
-160.548;-22.7993
-86.431;-47.6541
-69.6691;-20.8375
-81.3493;-78.1399
30.6643;-95.8895
-45.8912;-39.8879
-55.2699;-19.883
-95.8775;-1.34756
-62.5102;-36.2276
-74.1316;91.624
82.4169;106.191
-48.6829;-80.744
92.0616;-68.324
-69.8227;-36.1731
-118.134;64.8815
99.9526;137.363
12.873;139.797
135.604;120.055
-102.442;-106.52
-51.7207;125.98
-164.77;167.665
-46.4201;150.411
-54.7065;178.066
53.9443;-81.8764
-37.0458;-48.6708
-110.11;-43.7149
-49.7115;-64.6662
-60.3535;-25.8969
-61.1951;-58.1516
-73.0998;-26.5601
-81.1661;35.7446
-165.105;63.4457
-77.1843;174.297
70.3802;-56.5686
-51.7495;-40.2704
-67.4509;-33.24
-75.0958;30.3979
-148.376;-51.1603
-52.717;-19.1695
-49.941;-23.6512
-51.8553;-22.8324
-60.6091;-43.907
-86.7816;10.2488
-75.2126;58.7487
-140.089;63.0553
-66.0058;132.318
-96.0689;-1.30626
-103.551;29.1366
-79.1253;119.264
-74.643;102.886
-129.185;165.079
-102.493;-29.6763
-32.0048;128.897
-99.6865;140.666
-75.1754;58.6778
-81.6824;154.043
-64.365;142.565
-54.0364;136.079
-79.189;179.885
-68.0523;118.748
-66.3856;134.926
-75.5537;73.6853
-48.3617;-41.2386
-56.9835;-54.7651
-69.3255;-42.089
-51.8309;-42.7403
-60.1914;-55.7514
-51.4073;-41.6107
-60.2503;-61.6897
-58.1229;-29.4544
-75.8589;-37.8196
-58.5958;-38.5151
-84.3927;1.08966
77.4658;-1.85752
-95.2173;26.501
-60.5629;-37.7465
-54.2108;-18.8703
-102.493;-0.73462
-50.3665;-29.4806
-47.3363;-39.7663
-72.3794;-32.1192
-61.1959;-27.0405
-73.1929;-35.1976
-68.2591;64.4043
-165.332;-21.7321
-96.8144;7.91227
-68.2633;122.75
-51.1117;149.183
-31.8261;130.424
-64.0554;145.292
-100.941;164.469
-41.4025;137.734
-123.376;173.803
-156.507;159.271
-53.7024;155.985
-37.4183;-74.7629
-73.6907;121.916
-98.208;165.932
-60.1449;136.443
-41.4878;117.36
97.7431;21.8398
-80.9815;138.011
-72.1342;129.821
-91.8034;159.364
-141.088;160.404
-167.14;152.776
-127.346;129.701
-116.452;161.01
-70.7336;-23.4619
-155.864;148.593
-49.9532;-41.2727
-70.5265;104.702
-55.6836;-40.9917
-58.3899;-32.0142
-105.997;29.6854
-118.214;148.329
-94.7442;120.813
-80.1115;105.18
-112.658;114.529
81.3382;118.822
-128.178;139.7
-150.5;168.738
-157.646;128.953
-113.767;140.699
-153.18;122.24
83.2021;-27.684
128.406;-21.3597
-70.613;131.879
-104.202;142.159
-117.591;136.703
-111.653;139.024
-90.7517;123.569
-62.6842;-37.1717
-123.574;97.0875
-45.9431;-67.3975
-52.9365;-15.9742
-103.454;-41.6949
-49.5171;-33.9899
-50.5375;-22.5597
-83.0242;-11.6705
-85.6638;-7.96124
-104.962;143.953
-87.6593;-35.8479
-148.132;160.395
-97.3868;108.057
-120.994;107.404
153.08;-169.202
-56.4534;114.481
75.8554;26.1294
-43.4174;-58.2754
-42.847;-44.2053
-66.4615;-35.6487
-70.6516;-41.1802
-62.1971;-45.5272
-52.6053;-44.2093
-65.7782;-46.7207
-60.0846;-35.7707
-60.6646;-48.7063
-69.0663;-5.63392
-102.241;12.6452
69.3988;22.7059
-121.993;127.198
-94.3793;87.5364
-99.3032;111.524
-69.6327;132.562
-82.5894;121.208
-101.92;-136.651
-55.9612;158.684
-160.993;124.19
-59.9477;-32.981
-56.9724;-30.7625
-77.6572;-48.3376
-57.1008;-45.7734
-59.5458;-45.3486
-55.2451;-50.7676
-56.26;-54.1773
-47.7484;-44.1139
-166.233;114.329
-53.7502;-0.690405
-89.1882;28.0023
-130.942;98.4451
-118.129;-46.8248
-97.7455;146.174
-64.356;-17.1163
-76.8774;-43.976
-64.7489;-61.071
-55.0487;-45.0403
-54.3517;-52.0919
-59.2596;-45.7189
-57.2419;-45.1524
-98.2442;52.7956
52.9312;65.1517
-171.815;-169.006
-156.471;139.225
-88.0452;82.0855
-75.8548;-171.181
-114.031;12.0396
-104.149;123.647
-44.9877;-48.7318
-58.3582;-62.9893
-45.0219;-45.0788
-62.9348;-47.726
-59.2646;-37.5285
-65.5503;-52.8808
-48.8407;-50.5302
-46.2903;-58.5522
-64.3921;-40.1564
-57.7833;-48.2665
-61.4262;-48.4838
-50.4795;-53.611
-46.6041;-63.986
-50.9142;-54.8526
-66.3059;-34.3932
-64.1575;-52.6476
-50.805;-22.4728
-89.5738;-66.5892
-47.4479;-36.9661
-53.6358;-38.8077
-69.7072;-31.9061
-72.4553;94.0818
-64.5722;-25.2916
-77.6599;-48.0034
-62.7806;-56.0645
-49.4645;-38.5989
-67.7539;-46.0187
-53.8179;-43.8402
-62.9573;-56.0445
-69.4302;-36.3141
-93.2392;-29.9732
-108.671;-77.3577
-50.3011;-66.8375
-50.8217;-45.804
-69.3658;-32.8591
-59.7837;-37.1961
-50.2984;-42.3311
-68.6619;-38.9477
-62.0694;-45.3627
-60.8296;-48.8601
-44.8696;-55.1949
-55.8651;-44.9539
-59.7772;-47.8681
-59.2437;-54.3055
-54.6098;-45.8703
-66.6571;-61.1603
81.2914;-178.044
-127.316;148.24
-87.2737;142.949
-116.528;156.001
-97.5362;89.8142
-68.8668;-22.4233
-74.4185;-40.7267
-67.3984;-50.6032
-49.0926;-56.1886
-60.3859;-39.6418
-63.3847;-39.2336
-61.8726;-49.9396
-53.0381;-46.082
-55.2954;-45.2433
-64.696;-62.3193
-50.273;-34.6596
-58.6503;-54.6539
-55.6857;-42.0513
-58.539;-52.3979
-54.4787;-37.7237
-56.6275;-63.4033
-39.5513;-47.8968
-61.4835;-51.8221
-50.6258;-49.829
-55.1349;-59.4719
-44.2484;-49.6032
-64.1423;-43.3034
-60.7357;-35.873
-58.2889;-47.1582
-67.5219;-49.3278
-70.443;-23.618
88.8346;-81.0907
-60.7277;120.119
-68.8944;67.1493
-70.0993;140.148
-70.3938;96.8879
-55.7193;167.714
63.1369;67.3633
-177.115;75.6835
-17.1335;-60.9322
-59.7067;-34.3657
-80.7509;-37.905
-65.0474;-45.5862
-47.0193;-54.5409
-49.7542;-67.5907
-45.4823;-43.7159
-64.4354;-47.9965
-77.1535;55.9155
171.877;-0.416841
-76.703;62.4406
46.1017;17.2407
-22.0199;-178.055
-145.986;-56.0374
-40.4381;118.539
69.4104;-89.6113
-31.7203;-90.9881
-74.586;-7.45614
-70.5775;-46.3066
-71.6068;-41.649
-93.3311;48.8195
-95.2896;59.3275
-165.581;153.68
-170.452;-172.503
-73.5352;74.7436
-151.445;118.235
-66.8589;-31.2911
-56.0971;-43.8398
-58.689;-43.9356
-61.7857;-48.1416
-54.0233;-45.6022
-64.854;-43.6211
-57.6473;-35.2914
-76.0687;-35.7417
-59.8583;-53.6381
-50.4236;-53.7748
-61.2258;-44.619
-59.1578;-33.6442
-74.4839;-48.3542
-58.7548;-39.9844
-65.8391;-40.088
-61.848;-58.848
-76.002;6.78472
-119.184;-39.9495
-120.645;-55.3644
-55.5415;-44.166
-83.7966;-57.3473
-49.3954;-33.5224
-44.4959;-51.7395
-55.9416;-47.2272
-62.1598;-31.3848
-64.9904;-4.97969
-83.9759;113.867
-68.2445;127.799
-59.5409;-43.7496
-65.3515;-17.4249
-129.303;-15.6599
71.9577;25.4557
-157.186;154.694
-69.8433;142.269
-127.716;94.3158
-72.7929;126.534
-81.9699;137.499
-117.051;129.829
-119.393;123.468
-63.9559;-51.0336
-80.7274;-143.257
74.7969;-31.362
-107.569;165.658
-86.1121;-27.7362
-88.7223;-24.2972
111.51;4.68412
-70.8926;160.394
-86.6854;122.853
-96.1444;149.59
-117.153;150.7
-142.839;147.703
51.597;62.6661
-92.4088;178.039
-95.5654;102.213
-67.5128;-31.9699
-54.4346;-34.5055
-93.3861;8.40399
-73.4899;122.556
-59.1233;130.546
-86.1441;151.827
62.3824;-11.0318
-90.1216;142.71
-49.9072;-46.6999
-61.2186;-40.2929
-61.2551;-47.9218
-59.6414;-46.117
-56.7396;-38.7057
-65.2821;-56.1303
-51.311;-40.0553
-45.7904;-23.4884
-69.459;-27.0628
-82.247;120.721
-131.542;158.812
-79.4014;164.761
-74.9662;78.823
60.0618;-91.3817
-89.3168;32.514
-124.311;166.63
-130.313;156.844
-102.228;137.997
-120.939;106.859
-98.3221;120.28
-114.775;117.365
-111.379;138.223
-82.3417;118.714
-78.4866;117.359
43.9046;41.1417
-54.0209;-29.0402
-71.2166;-38.6737
-71.6718;-45.5363
-61.4177;-34.3506
-64.7488;-40.4791
-61.5844;-51.8476
-50.5927;-42.9387
-70.0733;-52.5302
-59.3978;-41.7544
-88.7316;-33.4658
74.0471;15.3446
-58.6911;86.6716
-28.1927;-27.5819
-77.12;-52.0714
-54.3918;-46.4191
-56.3392;-46.4374
-53.3239;-50.8301
-56.3241;-51.3649
-66.2046;-33.3024
-66.3797;-47.9102
-63.9994;-24.5642
84.375;42.7763
-116.412;163.802
-64.0905;86.8658
-39.51;-34.6504
-69.2829;-53.8154
-54.184;-45.3579
-60.7318;-54.2284
-52.1817;-37.0891
-58.6224;-55.734
-47.9887;-60.974
-60.4463;-5.03248
-105.351;-39.4802
-112.578;19.9363
35.6368;52.7031
-134.008;154.604
-55.9498;155.996
-54.2624;-48.0277
-67.272;7.50914
-114.626;-23.9112
-50.4902;115.742
-86.8407;164.908
-44.8335;-59.5267
-50.3362;-36.357
-62.5132;-58.6904
-61.9101;-34.0901
-62.8816;-47.4955
-58.5595;-43.4926
-60.9015;-49.2556
-58.9577;-46.1411
-58.9601;-51.3943
-57.202;-51.0632
-48.8942;-49.6532
-64.5981;-48.3345
-52.9496;-44.8912
-41.1284;-52.2258
-47.7024;-41.471
-113.104;-23.7125
152.879;-73.101
57.3183;-0.0395647
47.6986;-79.6537
165.135;-41.8185
-60.2304;-50.2434
-60.1831;-56.1141
-37.367;-58.5649
-55.5678;-56.0021
-45.1164;-47.3448
-70.9814;-47.4278
-68.0013;-9.7665
62.4057;-74.1175
-60.9086;-35.7464
-56.408;103.497
-77.054;75.5887
55.0738;11.5714
-82.4772;-0.621811
-59.5401;-42.9398
-57.5494;-33.6816
-63.6421;-54.3947
-50.6507;-47.0048
-60.2514;-52.9695
-53.4791;-43.4801
-60.6513;-46.7259
-54.2887;-53.0681
-70.5469;-20.6646
-68.3368;-49.3799
-66.4338;-43.2994
-114.565;77.7353
-65.1993;-44.6888
-65.4136;-26.5419
-59.6558;-46.8946
-66.6158;-43.4515
-56.4711;-31.9015
-67.6313;-50.7014
-50.5881;-52.2809
-51.1202;-64.9539
-51.1605;-54.5626
-43.9345;-57.445
-65.097;-39.8212
-50.0683;-55.8069
-73.6311;-44.8535
-48.4804;-57.6588
-67.4402;-1.2082
-105.496;-45.3762
-86.1751;-20.5461
92.6283;4.94538
-167.411;169.186
-122.6;179.497
-152.445;161.098
-89.3828;175.781
-53.5344;-26.7556
-100.527;13.0367
85.0938;9.6287
-70.3388;112.481
-85.4346;135.759
-139.839;121.424
-82.5185;132.141
-124.499;56.8864
-48.5256;-30.7472
-66.2156;-7.00398
-57.8801;-22.3748
-110.173;31.5056
-67.17;155.103
-78.9104;-51.1293
-78.7216;112.219
-51.9878;-27.67
-54.3843;-45.2117
-83.6994;-30.4666
-59.6885;-36.2419
-59.3162;-59.0637
-47.8517;-52.8143
-53.5792;-49.4059
-41.8513;-57.981
-43.2941;-61.9692
-52.1139;-45.3467
-48.5503;-43.7998
-97.8008;-22.2287
-65.5906;-41.8918
-63.4692;-44.8051
-57.6441;-50.4943
-62.3756;-63.295
-60.331;-36.1457
-61.8855;-53.3723
-56.5949;-41.4459
-59.0073;-44.1666
-57.8319;-53.9635
-55.7116;-48.2444
-53.4994;-47.9056
-63.2694;-50.9928
-51.8768;-52.4639
-56.952;-44.7936
-55.3943;-51.1826
-57.1603;-37.8566
-63.9758;-38.1523
-79.6987;-41.8235
-61.5705;-51.7175
-36.7695;-55.8209
-54.192;-58.0539
-57.2229;-29.1163
-64.3657;-45.9524
-62.1143;-35.8876
-54.7402;-49.9198
-74.9044;5.09539
63.0551;26.2508
-103.938;174.494
-151.747;143.958
-90.183;141.789
-125.258;-60.1201
-113.575;175.845
-164.562;116.052
-141.74;144.101
42.0082;-123.277
-108.392;38.4475
-124.174;153.468
-134.301;139.71
-126.891;128.191
-113.763;156.629
-119.366;129.266
-143.844;153.021
-60.1971;146.214
-8.22321;-88.5079
-91.9663;-2.15286
-66.6017;-32.0431
-38.2937;-50.9018
-61.8572;-42.0384
-67.8927;-50.0457
-54.6429;-48.7693
-56.1306;-47.7314
-62.5255;-51.2275
-53.0697;-49.1338
-57.3039;-50.6261
-52.561;-50.7772
-55.2601;-57.3176
-49.8784;-56.6646
-56.9363;-52.8547
-53.9123;-43.2071
-100.601;28.5307
-50.8785;-64.4698
-139.366;139.061
-64.0789;125.77
-133.139;158.694
-51.6189;-60.8226
-87.455;154.239
-66.0351;157.475
-105.894;119.856
-109.222;126.172
-113.46;113.531
-90.0348;116.617
-106.823;147.25
-138.768;142.125
-122.616;129.392
-159.139;-175.392
-92.0029;-38.681
-116.045;156.114
-48.1791;-43.2484
-64.5007;-25.5865
-67.517;-40.8252
-75.1019;-36.4086
70.5025;-64.7921